-- phpMyAdmin SQL Dump
-- version 4.8.4
-- https://www.phpmyadmin.net/
--
-- Host: 127.0.0.1
-- Generation Time: Oct 10, 2019 at 09:23 PM
-- Server version: 10.1.37-MariaDB
-- PHP Version: 7.1.25

SET SQL_MODE = "NO_AUTO_VALUE_ON_ZERO";
SET AUTOCOMMIT = 0;
START TRANSACTION;
SET time_zone = "+00:00";


/*!40101 SET @OLD_CHARACTER_SET_CLIENT=@@CHARACTER_SET_CLIENT */;
/*!40101 SET @OLD_CHARACTER_SET_RESULTS=@@CHARACTER_SET_RESULTS */;
/*!40101 SET @OLD_COLLATION_CONNECTION=@@COLLATION_CONNECTION */;
/*!40101 SET NAMES utf8mb4 */;

--
-- Database: `ecomerence`
--

-- --------------------------------------------------------

--
-- Table structure for table `cart`
--

CREATE TABLE `cart` (
  `id` int(10) UNSIGNED NOT NULL,
  `products_id` int(11) NOT NULL,
  `product_name` varchar(191) COLLATE utf8mb4_unicode_ci NOT NULL,
  `product_code` varchar(191) COLLATE utf8mb4_unicode_ci NOT NULL,
  `product_color` varchar(191) COLLATE utf8mb4_unicode_ci NOT NULL,
  `size` varchar(191) COLLATE utf8mb4_unicode_ci NOT NULL,
  `price` double(8,2) NOT NULL,
  `quantity` int(11) NOT NULL,
  `user_email` varchar(191) COLLATE utf8mb4_unicode_ci NOT NULL,
  `session_id` varchar(191) COLLATE utf8mb4_unicode_ci NOT NULL,
  `created_at` timestamp NULL DEFAULT NULL,
  `updated_at` timestamp NULL DEFAULT NULL
) ENGINE=MyISAM DEFAULT CHARSET=utf8mb4 COLLATE=utf8mb4_unicode_ci;

-- --------------------------------------------------------

--
-- Table structure for table `categories`
--

CREATE TABLE `categories` (
  `id` int(10) UNSIGNED NOT NULL,
  `parent_id` int(11) DEFAULT NULL,
  `name` varchar(191) COLLATE utf8mb4_unicode_ci NOT NULL,
  `description` text COLLATE utf8mb4_unicode_ci,
  `url` varchar(191) COLLATE utf8mb4_unicode_ci NOT NULL,
  `status` tinyint(4) NOT NULL DEFAULT '0',
  `remember_token` varchar(100) COLLATE utf8mb4_unicode_ci DEFAULT NULL,
  `created_at` timestamp NULL DEFAULT NULL,
  `updated_at` timestamp NULL DEFAULT NULL
) ENGINE=MyISAM DEFAULT CHARSET=utf8mb4 COLLATE=utf8mb4_unicode_ci;

--
-- Dumping data for table `categories`
--

INSERT INTO `categories` (`id`, `parent_id`, `name`, `description`, `url`, `status`, `remember_token`, `created_at`, `updated_at`) VALUES
(31, 0, 'HDD 2.5 inc', 'HDD for Laptop', 'http://compshop.web.id', 1, NULL, '2019-09-19 13:40:11', '2019-10-10 11:52:31'),
(28, 0, 'Storage', 'Storage For and Laptop', 'http://compshop.web.id', 0, NULL, '2019-09-19 13:37:50', '2019-10-10 11:51:01'),
(29, 0, 'Other', 'many more you need for peripheral', 'http://compshop.web.id', 1, NULL, '2019-09-19 13:39:06', '2019-09-19 13:39:06'),
(30, 0, 'HDD 3.5 inc', 'HDD for PC', 'http://compshop.web.id', 1, NULL, '2019-09-19 13:39:40', '2019-10-10 11:52:25'),
(25, 0, 'Processor', 'Proccesor intel and AMD', 'http://compshop.web.id', 1, NULL, '2019-09-19 13:32:51', '2019-10-10 11:52:00'),
(26, 0, 'RAM', 'RAM memory for PC', 'http://compshop.web.id', 1, NULL, '2019-09-19 13:35:29', '2019-09-19 13:35:29'),
(27, 0, 'VGA', 'Graphic Card for PC', 'http://compshop.web.id', 1, NULL, '2019-09-19 13:37:01', '2019-09-19 13:37:01'),
(32, 0, 'SSD', 'SSD For fast Storage', 'http://compshop.web.id', 1, NULL, '2019-09-19 13:40:42', '2019-10-10 11:52:18');

-- --------------------------------------------------------

--
-- Table structure for table `countries`
--

CREATE TABLE `countries` (
  `id` int(10) UNSIGNED NOT NULL,
  `country_code` varchar(2) COLLATE utf8mb4_unicode_ci NOT NULL,
  `country_name` varchar(100) COLLATE utf8mb4_unicode_ci NOT NULL,
  `created_at` timestamp NULL DEFAULT NULL,
  `updated_at` timestamp NULL DEFAULT NULL
) ENGINE=MyISAM DEFAULT CHARSET=utf8mb4 COLLATE=utf8mb4_unicode_ci;

--
-- Dumping data for table `countries`
--

INSERT INTO `countries` (`id`, `country_code`, `country_name`, `created_at`, `updated_at`) VALUES
(2, 'AL', 'Albania', NULL, NULL),
(3, 'DZ', 'Algeria', NULL, NULL),
(4, 'DS', 'American Samoa', NULL, NULL),
(5, 'AD', 'Andorra', NULL, NULL),
(6, 'AO', 'Angola', NULL, NULL),
(7, 'AI', 'Anguilla', NULL, NULL),
(8, 'AQ', 'Antarctica', NULL, NULL),
(9, 'AG', 'Antigua and Barbuda', NULL, NULL),
(10, 'AR', 'Argentina', NULL, NULL),
(11, 'AM', 'Armenia', NULL, NULL),
(12, 'AW', 'Aruba', NULL, NULL),
(13, 'AU', 'Australia', NULL, NULL),
(14, 'AT', 'Austria', NULL, NULL),
(15, 'AZ', 'Azerbaijan', NULL, NULL),
(16, 'BS', 'Bahamas', NULL, NULL),
(17, 'BH', 'Bahrain', NULL, NULL),
(18, 'BD', 'Bangladesh', NULL, NULL),
(19, 'BB', 'Barbados', NULL, NULL),
(20, 'BY', 'Belarus', NULL, NULL),
(21, 'BE', 'Belgium', NULL, NULL),
(22, 'BZ', 'Belize', NULL, NULL),
(23, 'BJ', 'Benin', NULL, NULL),
(24, 'BM', 'Bermuda', NULL, NULL),
(25, 'BT', 'Bhutan', NULL, NULL),
(26, 'BO', 'Bolivia', NULL, NULL),
(27, 'BA', 'Bosnia and Herzegovina', NULL, NULL),
(28, 'BW', 'Botswana', NULL, NULL),
(29, 'BV', 'Bouvet Island', NULL, NULL),
(30, 'BR', 'Brazil', NULL, NULL),
(31, 'IO', 'British Indian Ocean Territory', NULL, NULL),
(32, 'BN', 'Brunei Darussalam', NULL, NULL),
(33, 'BG', 'Bulgaria', NULL, NULL),
(34, 'BF', 'Burkina Faso', NULL, NULL),
(35, 'BI', 'Burundi', NULL, NULL),
(36, 'KH', 'Cambodia', NULL, NULL),
(37, 'CM', 'Cameroon', NULL, NULL),
(38, 'CA', 'Canada', NULL, NULL),
(39, 'CV', 'Cape Verde', NULL, NULL),
(40, 'KY', 'Cayman Islands', NULL, NULL),
(41, 'CF', 'Central African Republic', NULL, NULL),
(42, 'TD', 'Chad', NULL, NULL),
(43, 'CL', 'Chile', NULL, NULL),
(44, 'CN', 'China', NULL, NULL),
(45, 'CX', 'Christmas Island', NULL, NULL),
(46, 'CC', 'Cocos (Keeling) Islands', NULL, NULL),
(47, 'CO', 'Colombia', NULL, NULL),
(48, 'KM', 'Comoros', NULL, NULL),
(49, 'CG', 'Congo', NULL, NULL),
(50, 'CK', 'Cook Islands', NULL, NULL),
(51, 'CR', 'Costa Rica', NULL, NULL),
(52, 'AF', 'Afghanistan', NULL, NULL),
(53, 'AL', 'Albania', NULL, NULL),
(54, 'DZ', 'Algeria', NULL, NULL),
(55, 'DS', 'American Samoa', NULL, NULL),
(56, 'AD', 'Andorra', NULL, NULL),
(57, 'AO', 'Angola', NULL, NULL),
(58, 'AI', 'Anguilla', NULL, NULL),
(59, 'AQ', 'Antarctica', NULL, NULL),
(60, 'AG', 'Antigua and Barbuda', NULL, NULL),
(61, 'AR', 'Argentina', NULL, NULL),
(62, 'AM', 'Armenia', NULL, NULL),
(63, 'AW', 'Aruba', NULL, NULL),
(64, 'AU', 'Australia', NULL, NULL),
(65, 'AT', 'Austria', NULL, NULL),
(66, 'AZ', 'Azerbaijan', NULL, NULL),
(67, 'BS', 'Bahamas', NULL, NULL),
(68, 'BH', 'Bahrain', NULL, NULL),
(69, 'BD', 'Bangladesh', NULL, NULL),
(70, 'BB', 'Barbados', NULL, NULL),
(71, 'BY', 'Belarus', NULL, NULL),
(72, 'BE', 'Belgium', NULL, NULL),
(73, 'BZ', 'Belize', NULL, NULL),
(74, 'BJ', 'Benin', NULL, NULL),
(75, 'BM', 'Bermuda', NULL, NULL),
(76, 'BT', 'Bhutan', NULL, NULL),
(77, 'BO', 'Bolivia', NULL, NULL),
(78, 'BA', 'Bosnia and Herzegovina', NULL, NULL),
(79, 'BW', 'Botswana', NULL, NULL),
(80, 'BV', 'Bouvet Island', NULL, NULL),
(81, 'BR', 'Brazil', NULL, NULL),
(82, 'IO', 'British Indian Ocean Territory', NULL, NULL),
(83, 'BN', 'Brunei Darussalam', NULL, NULL),
(84, 'BG', 'Bulgaria', NULL, NULL),
(85, 'BF', 'Burkina Faso', NULL, NULL),
(86, 'BI', 'Burundi', NULL, NULL),
(87, 'KH', 'Cambodia', NULL, NULL),
(88, 'CM', 'Cameroon', NULL, NULL),
(89, 'CA', 'Canada', NULL, NULL),
(90, 'CV', 'Cape Verde', NULL, NULL),
(91, 'KY', 'Cayman Islands', NULL, NULL),
(92, 'CF', 'Central African Republic', NULL, NULL),
(93, 'TD', 'Chad', NULL, NULL),
(94, 'CL', 'Chile', NULL, NULL),
(95, 'CN', 'China', NULL, NULL),
(96, 'CX', 'Christmas Island', NULL, NULL),
(97, 'CC', 'Cocos (Keeling) Islands', NULL, NULL),
(98, 'CO', 'Colombia', NULL, NULL),
(99, 'KM', 'Comoros', NULL, NULL),
(100, 'CG', 'Congo', NULL, NULL),
(101, 'CK', 'Cook Islands', NULL, NULL),
(102, 'CR', 'Costa Rica', NULL, NULL),
(103, 'HR', 'Croatia (Hrvatska)', NULL, NULL),
(104, 'CU', 'Cuba', NULL, NULL),
(105, 'CY', 'Cyprus', NULL, NULL),
(106, 'CZ', 'Czech Republic', NULL, NULL),
(107, 'DK', 'Denmark', NULL, NULL),
(108, 'DJ', 'Djibouti', NULL, NULL),
(109, 'DM', 'Dominica', NULL, NULL),
(110, 'DO', 'Dominican Republic', NULL, NULL),
(111, 'TP', 'East Timor', NULL, NULL),
(112, 'EC', 'Ecuador', NULL, NULL),
(113, 'EG', 'Egypt', NULL, NULL),
(114, 'SV', 'El Salvador', NULL, NULL),
(115, 'GQ', 'Equatorial Guinea', NULL, NULL),
(116, 'ER', 'Eritrea', NULL, NULL),
(117, 'EE', 'Estonia', NULL, NULL),
(118, 'ET', 'Ethiopia', NULL, NULL),
(119, 'FK', 'Falkland Islands (Malvinas)', NULL, NULL),
(120, 'FO', 'Faroe Islands', NULL, NULL),
(121, 'FJ', 'Fiji', NULL, NULL),
(122, 'FI', 'Finland', NULL, NULL),
(123, 'FR', 'France', NULL, NULL),
(124, 'FX', 'France, Metropolitan', NULL, NULL),
(125, 'GF', 'French Guiana', NULL, NULL),
(126, 'PF', 'French Polynesia', NULL, NULL),
(127, 'TF', 'French Southern Territories', NULL, NULL),
(128, 'GA', 'Gabon', NULL, NULL),
(129, 'GM', 'Gambia', NULL, NULL),
(130, 'GE', 'Georgia', NULL, NULL),
(131, 'DE', 'Germany', NULL, NULL),
(132, 'GH', 'Ghana', NULL, NULL),
(133, 'GI', 'Gibraltar', NULL, NULL),
(134, 'GK', 'Guernsey', NULL, NULL),
(135, 'GR', 'Greece', NULL, NULL),
(136, 'GL', 'Greenland', NULL, NULL),
(137, 'GD', 'Grenada', NULL, NULL),
(138, 'GP', 'Guadeloupe', NULL, NULL),
(139, 'GU', 'Guam', NULL, NULL),
(140, 'GT', 'Guatemala', NULL, NULL),
(141, 'GN', 'Guinea', NULL, NULL),
(142, 'GW', 'Guinea-Bissau', NULL, NULL),
(143, 'GY', 'Guyana', NULL, NULL),
(144, 'HT', 'Haiti', NULL, NULL),
(145, 'HM', 'Heard and Mc Donald Islands', NULL, NULL),
(146, 'HN', 'Honduras', NULL, NULL),
(147, 'HK', 'Hong Kong', NULL, NULL),
(148, 'HU', 'Hungary', NULL, NULL),
(149, 'IS', 'Iceland', NULL, NULL),
(150, 'IN', 'India', NULL, NULL),
(151, 'IM', 'Isle of Man', NULL, NULL),
(152, 'ID', 'Indonesia', NULL, NULL),
(153, 'IR', 'Iran (Islamic Republic of)', NULL, NULL),
(154, 'IQ', 'Iraq', NULL, NULL),
(155, 'IE', 'Ireland', NULL, NULL),
(156, 'IL', 'Israel', NULL, NULL),
(157, 'IT', 'Italy', NULL, NULL),
(158, 'CI', 'Ivory Coast', NULL, NULL),
(159, 'JE', 'Jersey', NULL, NULL),
(160, 'JM', 'Jamaica', NULL, NULL),
(161, 'JP', 'Japan', NULL, NULL),
(162, 'JO', 'Jordan', NULL, NULL),
(163, 'KZ', 'Kazakhstan', NULL, NULL),
(164, 'KE', 'Kenya', NULL, NULL),
(165, 'KI', 'Kiribati', NULL, NULL),
(166, 'KP', 'Korea, Democratic People\'s Republic of', NULL, NULL),
(167, 'KR', 'Korea, Republic of', NULL, NULL),
(168, 'XK', 'Kosovo', NULL, NULL),
(169, 'KW', 'Kuwait', NULL, NULL),
(170, 'KG', 'Kyrgyzstan', NULL, NULL),
(171, 'LA', 'Lao People\'s Democratic Republic', NULL, NULL),
(172, 'LV', 'Latvia', NULL, NULL),
(173, 'LB', 'Lebanon', NULL, NULL),
(174, 'LS', 'Lesotho', NULL, NULL),
(175, 'LR', 'Liberia', NULL, NULL),
(176, 'LY', 'Libyan Arab Jamahiriya', NULL, NULL),
(177, 'LI', 'Liechtenstein', NULL, NULL),
(178, 'LT', 'Lithuania', NULL, NULL),
(179, 'LU', 'Luxembourg', NULL, NULL),
(180, 'MO', 'Macau', NULL, NULL),
(181, 'MK', 'Macedonia', NULL, NULL),
(182, 'MG', 'Madagascar', NULL, NULL),
(183, 'MW', 'Malawi', NULL, NULL),
(184, 'MY', 'Malaysia', NULL, NULL),
(185, 'MV', 'Maldives', NULL, NULL),
(186, 'ML', 'Mali', NULL, NULL),
(187, 'MT', 'Malta', NULL, NULL),
(188, 'MH', 'Marshall Islands', NULL, NULL),
(189, 'MQ', 'Martinique', NULL, NULL),
(190, 'MR', 'Mauritania', NULL, NULL),
(191, 'MU', 'Mauritius', NULL, NULL),
(192, 'TY', 'Mayotte', NULL, NULL),
(193, 'MX', 'Mexico', NULL, NULL),
(194, 'FM', 'Micronesia, Federated States of', NULL, NULL),
(195, 'MD', 'Moldova, Republic of', NULL, NULL),
(196, 'MC', 'Monaco', NULL, NULL),
(197, 'MN', 'Mongolia', NULL, NULL),
(198, 'ME', 'Montenegro', NULL, NULL),
(199, 'MS', 'Montserrat', NULL, NULL),
(200, 'MA', 'Morocco', NULL, NULL),
(201, 'MZ', 'Mozambique', NULL, NULL),
(202, 'MM', 'Myanmar', NULL, NULL),
(203, 'NA', 'Namibia', NULL, NULL),
(204, 'NR', 'Nauru', NULL, NULL),
(205, 'NP', 'Nepal', NULL, NULL),
(206, 'NL', 'Netherlands', NULL, NULL),
(207, 'AN', 'Netherlands Antilles', NULL, NULL),
(208, 'NC', 'New Caledonia', NULL, NULL),
(209, 'NZ', 'New Zealand', NULL, NULL),
(210, 'NI', 'Nicaragua', NULL, NULL),
(211, 'NE', 'Niger', NULL, NULL),
(212, 'NG', 'Nigeria', NULL, NULL),
(213, 'NU', 'Niue', NULL, NULL),
(214, 'NF', 'Norfolk Island', NULL, NULL),
(215, 'MP', 'Northern Mariana Islands', NULL, NULL),
(216, 'NO', 'Norway', NULL, NULL),
(217, 'OM', 'Oman', NULL, NULL),
(218, 'PK', 'Pakistan', NULL, NULL),
(219, 'PW', 'Palau', NULL, NULL),
(220, 'PS', 'Palestine', NULL, NULL),
(221, 'PA', 'Panama', NULL, NULL),
(222, 'PG', 'Papua New Guinea', NULL, NULL),
(223, 'PY', 'Paraguay', NULL, NULL),
(224, 'PE', 'Peru', NULL, NULL),
(225, 'PH', 'Philippines', NULL, NULL),
(226, 'PN', 'Pitcairn', NULL, NULL),
(227, 'PL', 'Poland', NULL, NULL),
(228, 'PT', 'Portugal', NULL, NULL),
(229, 'PR', 'Puerto Rico', NULL, NULL),
(230, 'QA', 'Qatar', NULL, NULL),
(231, 'RE', 'Reunion', NULL, NULL),
(232, 'RO', 'Romania', NULL, NULL),
(233, 'RU', 'Russian Federation', NULL, NULL),
(234, 'RW', 'Rwanda', NULL, NULL),
(235, 'KN', 'Saint Kitts and Nevis', NULL, NULL),
(236, 'LC', 'Saint Lucia', NULL, NULL),
(237, 'VC', 'Saint Vincent and the Grenadines', NULL, NULL),
(238, 'WS', 'Samoa', NULL, NULL),
(239, 'SM', 'San Marino', NULL, NULL),
(240, 'ST', 'Sao Tome and Principe', NULL, NULL),
(241, 'SA', 'Saudi Arabia', NULL, NULL),
(242, 'SN', 'Senegal', NULL, NULL),
(243, 'RS', 'Serbia', NULL, NULL),
(244, 'SC', 'Seychelles', NULL, NULL),
(245, 'SL', 'Sierra Leone', NULL, NULL),
(246, 'SG', 'Singapore', NULL, NULL),
(247, 'SK', 'Slovakia', NULL, NULL),
(248, 'SI', 'Slovenia', NULL, NULL),
(249, 'SB', 'Solomon Islands', NULL, NULL),
(250, 'SO', 'Somalia', NULL, NULL),
(251, 'ZA', 'South Africa', NULL, NULL),
(252, 'GS', 'South Georgia South Sandwich Islands', NULL, NULL),
(253, 'SS', 'South Sudan', NULL, NULL),
(254, 'ES', 'Spain', NULL, NULL),
(255, 'LK', 'Sri Lanka', NULL, NULL),
(256, 'SH', 'St. Helena', NULL, NULL),
(257, 'PM', 'St. Pierre and Miquelon', NULL, NULL),
(258, 'SD', 'Sudan', NULL, NULL),
(259, 'SR', 'Suriname', NULL, NULL),
(260, 'SJ', 'Svalbard and Jan Mayen Islands', NULL, NULL),
(261, 'SZ', 'Swaziland', NULL, NULL),
(262, 'SE', 'Sweden', NULL, NULL),
(263, 'CH', 'Switzerland', NULL, NULL),
(264, 'SY', 'Syrian Arab Republic', NULL, NULL),
(265, 'TW', 'Taiwan', NULL, NULL),
(266, 'TJ', 'Tajikistan', NULL, NULL),
(267, 'TZ', 'Tanzania, United Republic of', NULL, NULL),
(268, 'TH', 'Thailand', NULL, NULL),
(269, 'TG', 'Togo', NULL, NULL),
(270, 'TK', 'Tokelau', NULL, NULL),
(271, 'TO', 'Tonga', NULL, NULL),
(272, 'TT', 'Trinidad and Tobago', NULL, NULL),
(273, 'TN', 'Tunisia', NULL, NULL),
(274, 'TR', 'Turkey', NULL, NULL),
(275, 'TM', 'Turkmenistan', NULL, NULL),
(276, 'TC', 'Turks and Caicos Islands', NULL, NULL),
(277, 'TV', 'Tuvalu', NULL, NULL),
(278, 'UG', 'Uganda', NULL, NULL),
(279, 'UA', 'Ukraine', NULL, NULL),
(280, 'AE', 'United Arab Emirates', NULL, NULL),
(281, 'GB', 'United Kingdom', NULL, NULL),
(282, 'US', 'United States', NULL, NULL),
(283, 'UM', 'United States minor outlying islands', NULL, NULL),
(284, 'UY', 'Uruguay', NULL, NULL),
(285, 'UZ', 'Uzbekistan', NULL, NULL),
(286, 'VU', 'Vanuatu', NULL, NULL),
(287, 'VA', 'Vatican City State', NULL, NULL),
(288, 'VE', 'Venezuela', NULL, NULL),
(289, 'VN', 'Vietnam', NULL, NULL),
(290, 'VG', 'Virgin Islands (British)', NULL, NULL),
(291, 'VI', 'Virgin Islands (U.S.)', NULL, NULL),
(292, 'WF', 'Wallis and Futuna Islands', NULL, NULL),
(293, 'EH', 'Western Sahara', NULL, NULL),
(294, 'YE', 'Yemen', NULL, NULL),
(295, 'ZR', 'Zaire', NULL, NULL),
(296, 'ZM', 'Zambia', NULL, NULL),
(297, 'ZW', 'Zimbabwe', NULL, NULL);

-- --------------------------------------------------------

--
-- Table structure for table `coupons`
--

CREATE TABLE `coupons` (
  `id` int(10) UNSIGNED NOT NULL,
  `coupon_code` varchar(191) COLLATE utf8mb4_unicode_ci NOT NULL,
  `amount` int(11) NOT NULL,
  `amount_type` varchar(191) COLLATE utf8mb4_unicode_ci NOT NULL,
  `expiry_date` date NOT NULL,
  `status` tinyint(4) NOT NULL,
  `created_at` timestamp NULL DEFAULT NULL,
  `updated_at` timestamp NULL DEFAULT NULL
) ENGINE=MyISAM DEFAULT CHARSET=utf8mb4 COLLATE=utf8mb4_unicode_ci;

--
-- Dumping data for table `coupons`
--

INSERT INTO `coupons` (`id`, `coupon_code`, `amount`, `amount_type`, `expiry_date`, `status`, `created_at`, `updated_at`) VALUES
(6, 'Coupon001', 10, 'Percentage', '2019-12-06', 1, '2018-12-05 20:19:15', '2018-12-05 20:19:15');

-- --------------------------------------------------------

--
-- Table structure for table `delivery_address`
--

CREATE TABLE `delivery_address` (
  `id` int(10) UNSIGNED NOT NULL,
  `users_id` int(11) NOT NULL,
  `users_email` varchar(191) COLLATE utf8mb4_unicode_ci NOT NULL,
  `name` varchar(191) COLLATE utf8mb4_unicode_ci NOT NULL,
  `address` varchar(191) COLLATE utf8mb4_unicode_ci NOT NULL,
  `city` varchar(191) COLLATE utf8mb4_unicode_ci NOT NULL,
  `state` varchar(191) COLLATE utf8mb4_unicode_ci NOT NULL,
  `country` varchar(191) COLLATE utf8mb4_unicode_ci NOT NULL,
  `pincode` varchar(191) COLLATE utf8mb4_unicode_ci NOT NULL,
  `mobile` varchar(191) COLLATE utf8mb4_unicode_ci NOT NULL,
  `created_at` timestamp NULL DEFAULT NULL,
  `updated_at` timestamp NULL DEFAULT NULL
) ENGINE=MyISAM DEFAULT CHARSET=utf8mb4 COLLATE=utf8mb4_unicode_ci;

--
-- Dumping data for table `delivery_address`
--

INSERT INTO `delivery_address` (`id`, `users_id`, `users_email`, `name`, `address`, `city`, `state`, `country`, `pincode`, `mobile`, `created_at`, `updated_at`) VALUES
(2, 4, 'weshare@gmail.com', 'weshare', 'address', 'city', 'state', 'Cambodia', 'pincode', 'mobile', NULL, NULL),
(3, 1, 'demo@gmail.com', 'WeShare', '123 Street', 'Phnom Penh', 'PP', 'Cambodia', '12252', '010313234', NULL, NULL),
(4, 5, 'robertuspamungkas25@gmail.com', 'pluntaz', 'karyorejo 37a', 'sleman', 'yogyakarta', 'Indonesia', '668855', '088855500000', NULL, NULL),
(5, 8, 'qwerty@123.com', 'qwerty', 'qwewq', 'qweqw', 'qwewq', 'Albania', 'qwewq', 'qwewq', NULL, NULL);

-- --------------------------------------------------------

--
-- Table structure for table `migrations`
--

CREATE TABLE `migrations` (
  `id` int(10) UNSIGNED NOT NULL,
  `migration` varchar(191) COLLATE utf8mb4_unicode_ci NOT NULL,
  `batch` int(11) NOT NULL
) ENGINE=MyISAM DEFAULT CHARSET=utf8mb4 COLLATE=utf8mb4_unicode_ci;

--
-- Dumping data for table `migrations`
--

INSERT INTO `migrations` (`id`, `migration`, `batch`) VALUES
(3, '2014_10_12_000000_create_users_table', 2),
(2, '2014_10_12_100000_create_password_resets_table', 1),
(8, '2018_10_20_040609_create_categories_table', 3),
(9, '2018_10_24_075802_create_products_table', 4),
(10, '2018_11_08_024109_create_product_att_table', 5),
(11, '2018_11_20_055123_create_tblgallery_table', 6),
(12, '2018_11_26_070031_create_cart_table', 7),
(13, '2018_11_28_072535_create_coupons_table', 8),
(15, '2018_12_01_042342_create_countries_table', 10),
(19, '2018_12_03_043804_add_more_fields_to_users_table', 14),
(17, '2018_12_03_093548_create_delivery_address_table', 12),
(18, '2018_12_05_024718_create_orders_table', 13);

-- --------------------------------------------------------

--
-- Table structure for table `orders`
--

CREATE TABLE `orders` (
  `id` int(10) UNSIGNED NOT NULL,
  `users_id` int(10) NOT NULL,
  `users_email` varchar(100) COLLATE utf8mb4_unicode_ci NOT NULL,
  `session_id` varchar(100) COLLATE utf8mb4_unicode_ci DEFAULT NULL,
  `name` varchar(100) COLLATE utf8mb4_unicode_ci NOT NULL,
  `address` varchar(191) COLLATE utf8mb4_unicode_ci NOT NULL,
  `city` varchar(100) COLLATE utf8mb4_unicode_ci NOT NULL,
  `state` varchar(100) COLLATE utf8mb4_unicode_ci NOT NULL,
  `pincode` varchar(100) COLLATE utf8mb4_unicode_ci NOT NULL,
  `country` varchar(100) COLLATE utf8mb4_unicode_ci NOT NULL,
  `mobile` varchar(100) COLLATE utf8mb4_unicode_ci NOT NULL,
  `shipping_charges` double(8,2) NOT NULL,
  `coupon_code` varchar(100) COLLATE utf8mb4_unicode_ci NOT NULL,
  `coupon_amount` varchar(100) COLLATE utf8mb4_unicode_ci NOT NULL,
  `order_status` varchar(100) COLLATE utf8mb4_unicode_ci NOT NULL,
  `payment_method` varchar(100) COLLATE utf8mb4_unicode_ci NOT NULL,
  `grand_total` varchar(100) COLLATE utf8mb4_unicode_ci NOT NULL,
  `created_at` timestamp NULL DEFAULT NULL,
  `updated_at` timestamp NULL DEFAULT NULL
) ENGINE=MyISAM DEFAULT CHARSET=utf8mb4 COLLATE=utf8mb4_unicode_ci;

-- --------------------------------------------------------

--
-- Table structure for table `password_resets`
--

CREATE TABLE `password_resets` (
  `email` varchar(191) COLLATE utf8mb4_unicode_ci NOT NULL,
  `token` varchar(191) COLLATE utf8mb4_unicode_ci NOT NULL,
  `created_at` timestamp NULL DEFAULT NULL
) ENGINE=MyISAM DEFAULT CHARSET=utf8mb4 COLLATE=utf8mb4_unicode_ci;

--
-- Dumping data for table `password_resets`
--

INSERT INTO `password_resets` (`email`, `token`, `created_at`) VALUES
('robertuspamungkas25@gmail.com', '$2y$10$5k4xYJiorGP9C5qCxlRUc.YogmXbitsye1PNGzp55Ny6EECziGx6S', '2019-10-10 04:31:15');

-- --------------------------------------------------------

--
-- Table structure for table `products`
--

CREATE TABLE `products` (
  `id` int(10) UNSIGNED NOT NULL,
  `categories_id` int(11) NOT NULL,
  `p_name` varchar(191) COLLATE utf8mb4_unicode_ci NOT NULL,
  `p_code` varchar(191) COLLATE utf8mb4_unicode_ci NOT NULL,
  `p_color` varchar(191) COLLATE utf8mb4_unicode_ci NOT NULL,
  `description` text COLLATE utf8mb4_unicode_ci NOT NULL,
  `price` double(8,2) NOT NULL,
  `image` varchar(191) COLLATE utf8mb4_unicode_ci NOT NULL,
  `created_at` timestamp NULL DEFAULT NULL,
  `updated_at` timestamp NULL DEFAULT NULL
) ENGINE=MyISAM DEFAULT CHARSET=utf8mb4 COLLATE=utf8mb4_unicode_ci;

--
-- Dumping data for table `products`
--

INSERT INTO `products` (`id`, `categories_id`, `p_name`, `p_code`, `p_color`, `description`, `price`, `image`, `created_at`, `updated_at`) VALUES
(41, 31, 'HGST Travelstar 500GB 1W10013', 'SKU11816034', '-', '<span>\r\n                                <ul><li>500GB</li><li> 5400RPM</li><li> SATA</li><li> 2.5\"</li></ul>\r\n                            </span><br>', 572.00, '1568927761-hgst-travelstar-500gb-1w10013.jpg', '2019-09-19 14:16:01', '2019-09-19 14:16:01'),
(37, 25, 'INTEL Processor Core i5-6500', 'SKU00416151', '-', '<ol><li>Quad Core 3.2GHz  \r\n65W</li><li>&nbsp;6MB Cache <br></li><li>Intel® HD Graphics 530 <br></li><li>Skylake Socket LGA1151</li></ol>', 4000.00, '1568927230-intel-processor-core-i5-6500.jpg', '2019-09-19 14:07:11', '2019-09-22 16:52:04'),
(38, 26, 'TEAM T-Force Dark 2 x 4GB DDR4 [TLGD48G3000HC16CDC01]', '3318151654', '-', '<span>\r\n                                <ul><li>8GB (2 x 4GB)</li><li> DDR4</li><li> PC4 24000</li><li> 16-18-18-38</li><li> 1.35V</li></ul>\r\n                            </span><br>', 1580.00, '1568927431-team-t-force-dark-2-x-4gb-ddr4-tlgd48g3000hc16cdc01.jpg', '2019-09-19 14:10:31', '2019-09-19 14:10:31'),
(39, 32, 'ADATA Ultimate 128GB SU800', '3322612296', '-', '<span>\r\n                                <ul><li>Capacity : 128GB</li><li> Sequential Read : 560 MB/s; Sequential Write 520 MB/s</li><li> Form Factor : 2.5 Inch</li><li> Interface : SATA 6Gb/s</li><li> NAND Flash : 3D TLC; Controller : SMI</li></ul>\r\n                            </span><br>', 533.00, '1568927621-adata-ultimate-128gb-su800.jpg', '2019-09-19 14:13:42', '2019-09-19 14:13:42'),
(40, 30, 'TOSHIBA Video Stream HDD 1TB [TSB-DT01ABA100V]', '-', '-', '<span>\r\n                                <ul><li>Internal HDD</li><li> Capacity 1TB</li><li> Rotation Speed 5700 RPM</li><li> Interface SATA 6 Gbit/s</li><li> Form Factor 3.5 Inch</li></ul>\r\n                            </span><br>', 614.00, '1568927676-toshiba-video-stream-hdd-1tb-tsb-dt01aba100v.jpg', '2019-09-19 14:14:37', '2019-09-19 14:14:37'),
(42, 25, 'INTEL Processor Core I7-9700K', '3323655919', '-', 'Cores: 8\r\n        Processor Base Frequency: 3.6GHz\r\n        Thermal design power: 95W\r\n        CPU Cache: 12 MB SmartCache\r\n        Socket: LGA1151', 7875.00, '1569195028-intel-processor-core-i7-9700k.jpg', '2019-09-22 16:30:28', '2019-09-22 16:30:28'),
(43, 25, 'AMD Ryzen 5 2400G [YD2400C5FBBOX]', '3321616591', '-', 'Socket: AM4\r\n        CPU Cores: 4\r\n        Threads: 8\r\n        Base Clock: 3.6 GHz\r\n        Cache: 4MB\r\n        Litography: 14nm FinFET\r\n        PCI Express Version: PCIe 3.0 x8\r\n        Default TDP / TDP: 65W', 2552.00, '1569195113-amd-ryzen-5-2400g-yd2400c5fbbox.jpg', '2019-09-22 16:31:53', '2019-09-22 16:31:53');

-- --------------------------------------------------------

--
-- Table structure for table `product_att`
--

CREATE TABLE `product_att` (
  `id` int(10) UNSIGNED NOT NULL,
  `products_id` int(11) NOT NULL,
  `sku` varchar(191) COLLATE utf8mb4_unicode_ci NOT NULL,
  `size` varchar(191) COLLATE utf8mb4_unicode_ci NOT NULL,
  `price` double(12,2) NOT NULL,
  `stock` int(11) NOT NULL,
  `created_at` timestamp NULL DEFAULT NULL,
  `updated_at` timestamp NULL DEFAULT NULL
) ENGINE=MyISAM DEFAULT CHARSET=utf8mb4 COLLATE=utf8mb4_unicode_ci;

--
-- Dumping data for table `product_att`
--

INSERT INTO `product_att` (`id`, `products_id`, `sku`, `size`, `price`, `stock`, `created_at`, `updated_at`) VALUES
(14, 34, 'SKU-Lenovo X1', '15 inch', 10.00, 2, '2018-12-05 20:08:43', '2018-12-05 20:08:43'),
(13, 35, 'SKU-Red', 'S', 2.00, 5, '2018-12-05 20:08:08', '2018-12-05 20:08:08'),
(12, 35, 'SKU-White', 'L', 6.00, 2, '2018-12-05 20:07:42', '2018-12-05 20:07:42'),
(11, 35, 'SKU-Black', 'M', 5.00, 10, '2018-12-05 20:07:11', '2018-12-05 20:07:11'),
(15, 34, 'SKU-Carbon', '14 inch', 4.00, 5, '2018-12-05 20:09:05', '2018-12-05 20:09:05'),
(16, 33, 'SKU-Haan1', '25', 12.00, 3, '2018-12-05 20:09:45', '2018-12-05 20:09:45'),
(17, 33, 'SKU-Haan2', '22', 10.00, 1, '2018-12-05 20:09:58', '2018-12-05 20:09:58'),
(18, 33, 'SKU-Haan3', '19', 2.00, 3, '2018-12-05 20:10:16', '2018-12-05 20:10:16'),
(19, 32, 'SKU-Vionic1', '20', 10.00, 5, '2018-12-05 20:11:02', '2018-12-05 20:11:02'),
(20, 32, 'SKU-Vionic2', '20', 15.00, 4, '2018-12-05 20:11:24', '2018-12-05 20:11:24'),
(21, 32, 'SKU-Vionic3', '30', 20.00, 1, '2018-12-05 20:11:38', '2018-12-05 20:11:38'),
(22, 31, 'SKU-House1', '5*20', 25.00, 4, '2018-12-05 20:12:13', '2018-12-05 20:12:13'),
(23, 31, 'SKU-House2', '10*10', 20.00, 2, '2018-12-05 20:12:30', '2018-12-05 20:12:30'),
(24, 31, 'SKU-House3', '20*20', 20.00, 5, '2018-12-05 20:12:46', '2018-12-05 20:12:46'),
(25, 30, 'SKU-Link House1', 'Small', 10.00, 5, '2018-12-05 20:13:06', '2018-12-05 20:13:06'),
(26, 30, 'SKU-House2', 'Medium', 15.00, 23, '2018-12-05 20:13:23', '2018-12-05 20:13:23'),
(27, 30, 'SKU-House3', 'Large', 5.00, 2, '2018-12-05 20:14:55', '2018-12-05 20:14:55'),
(28, 29, 'SKU-Prius1', 'One Size', 12.00, 2, '2018-12-05 20:15:43', '2018-12-05 20:15:43'),
(29, 28, 'SKU-Lexus Red', 'Size Red', 12.00, 12, '2018-12-05 20:16:28', '2018-12-05 20:16:28'),
(30, 28, 'SKU-Lexus2', 'Size Black', 11.00, 22, '2018-12-05 20:16:48', '2018-12-05 20:16:48'),
(31, 28, 'SKU-Lexus3', 'Size White', 12.00, 2, '2018-12-05 20:17:02', '2018-12-05 20:17:02'),
(32, 27, 'SKU-Hilander', 'Size Black', 50.00, 10, '2018-12-05 20:17:35', '2018-12-05 20:17:35'),
(33, 27, 'SKU-Hilander1', 'Size White', 20.00, 10, '2018-12-05 20:17:46', '2018-12-05 20:17:46'),
(34, 27, 'SKU-Hilande3', 'Size Red', 20.00, 10, '2018-12-05 20:18:01', '2018-12-05 20:18:01'),
(35, 36, 'dfdfd', 'fss', 10.00, 1000, '2019-08-20 11:59:34', '2019-08-20 11:59:34'),
(36, 37, 'SKU00416151', '-', 4000.00, 10, '2019-09-19 14:17:30', '2019-09-19 14:17:30'),
(37, 38, '3318151654', '-', 1580.00, 10, '2019-09-19 14:18:03', '2019-09-19 14:18:03'),
(38, 43, 'xxxxx', '-', 1846.00, 10, '2019-10-10 11:54:18', '2019-10-10 11:54:18'),
(39, 41, 'zzzzz', '3.5', 500.00, 10, '2019-10-10 11:55:06', '2019-10-10 11:55:06'),
(40, 39, 'aaaa', '2.5', 350.00, 10, '2019-10-10 11:55:58', '2019-10-10 11:55:58');

-- --------------------------------------------------------

--
-- Table structure for table `tblgallery`
--

CREATE TABLE `tblgallery` (
  `id` int(10) UNSIGNED NOT NULL,
  `products_id` int(11) NOT NULL,
  `image` varchar(191) COLLATE utf8mb4_unicode_ci NOT NULL,
  `created_at` timestamp NULL DEFAULT NULL,
  `updated_at` timestamp NULL DEFAULT NULL
) ENGINE=MyISAM DEFAULT CHARSET=utf8mb4 COLLATE=utf8mb4_unicode_ci;

--
-- Dumping data for table `tblgallery`
--

INSERT INTO `tblgallery` (`id`, `products_id`, `image`, `created_at`, `updated_at`) VALUES
(8, 27, '7664271544063472.jpg', '2018-12-05 19:31:12', '2018-12-05 19:31:12'),
(9, 27, '6768551544063472.jpg', '2018-12-05 19:31:13', '2018-12-05 19:31:13'),
(10, 27, '4131281544063473.jpg', '2018-12-05 19:31:13', '2018-12-05 19:31:13'),
(11, 28, '6720891544063734.jpg', '2018-12-05 19:35:34', '2018-12-05 19:35:34'),
(12, 28, '4686631544063734.jpg', '2018-12-05 19:35:34', '2018-12-05 19:35:34'),
(13, 28, '5960611544063759.jpeg', '2018-12-05 19:35:59', '2018-12-05 19:35:59'),
(14, 29, '5146071544063935.JPG', '2018-12-05 19:38:55', '2018-12-05 19:38:55'),
(15, 29, '762811544063935.jpg', '2018-12-05 19:38:55', '2018-12-05 19:38:55'),
(16, 29, '3716041544063935.jpg', '2018-12-05 19:38:56', '2018-12-05 19:38:56'),
(17, 30, '6832831544064156.jpg', '2018-12-05 19:42:37', '2018-12-05 19:42:37'),
(18, 30, '1655391544064157.jpg', '2018-12-05 19:42:37', '2018-12-05 19:42:37'),
(19, 30, '4693601544064157.jpg', '2018-12-05 19:42:37', '2018-12-05 19:42:37'),
(20, 31, '9233341544064441.jpg', '2018-12-05 19:47:21', '2018-12-05 19:47:21'),
(21, 31, '8167501544064441.jpg', '2018-12-05 19:47:22', '2018-12-05 19:47:22'),
(22, 31, '3887071544064442.jpg', '2018-12-05 19:47:22', '2018-12-05 19:47:22'),
(23, 32, '3998691544064618.jpg', '2018-12-05 19:50:18', '2018-12-05 19:50:18'),
(24, 32, '1159141544064618.jpg', '2018-12-05 19:50:18', '2018-12-05 19:50:18'),
(25, 32, '2035101544064618.jpg', '2018-12-05 19:50:18', '2018-12-05 19:50:18'),
(26, 33, '2128501544064917.jpg', '2018-12-05 19:55:17', '2018-12-05 19:55:17'),
(27, 33, '5649911544064917.jpg', '2018-12-05 19:55:17', '2018-12-05 19:55:17'),
(28, 33, '3704141544064917.jpg', '2018-12-05 19:55:17', '2018-12-05 19:55:17'),
(29, 34, '3899431544065346.JPG', '2018-12-05 20:02:26', '2018-12-05 20:02:26'),
(30, 34, '119131544065346.jpg', '2018-12-05 20:02:27', '2018-12-05 20:02:27'),
(31, 34, '6905491544065347.jpg', '2018-12-05 20:02:27', '2018-12-05 20:02:27'),
(32, 35, '981591544065510.jpeg', '2018-12-05 20:05:10', '2018-12-05 20:05:10'),
(33, 35, '5320811544065510.jpg', '2018-12-05 20:05:11', '2018-12-05 20:05:11'),
(34, 35, '1153181544065511.jpg', '2018-12-05 20:05:11', '2018-12-05 20:05:11');

-- --------------------------------------------------------

--
-- Table structure for table `users`
--

CREATE TABLE `users` (
  `id` int(10) UNSIGNED NOT NULL,
  `name` varchar(191) COLLATE utf8mb4_unicode_ci NOT NULL,
  `email` varchar(191) COLLATE utf8mb4_unicode_ci NOT NULL,
  `email_verified_at` timestamp NULL DEFAULT NULL,
  `password` varchar(191) COLLATE utf8mb4_unicode_ci NOT NULL,
  `admin` tinyint(4) DEFAULT NULL,
  `remember_token` varchar(100) COLLATE utf8mb4_unicode_ci DEFAULT NULL,
  `created_at` timestamp NULL DEFAULT NULL,
  `updated_at` timestamp NULL DEFAULT NULL,
  `address` text COLLATE utf8mb4_unicode_ci,
  `city` varchar(191) COLLATE utf8mb4_unicode_ci DEFAULT NULL,
  `state` varchar(191) COLLATE utf8mb4_unicode_ci DEFAULT NULL,
  `country` varchar(191) COLLATE utf8mb4_unicode_ci DEFAULT NULL,
  `pincode` varchar(191) COLLATE utf8mb4_unicode_ci DEFAULT NULL,
  `mobile` varchar(191) COLLATE utf8mb4_unicode_ci DEFAULT NULL
) ENGINE=MyISAM DEFAULT CHARSET=utf8mb4 COLLATE=utf8mb4_unicode_ci;

--
-- Dumping data for table `users`
--

INSERT INTO `users` (`id`, `name`, `email`, `email_verified_at`, `password`, `admin`, `remember_token`, `created_at`, `updated_at`, `address`, `city`, `state`, `country`, `pincode`, `mobile`) VALUES
(1, 'admin', 'admin@betatestx.com', NULL, '$2y$10$m9fNpTgwyBVqqVfsJ9bXUensvx5iqlYhzqmL3khhSpKpgqNQnW0t2', 1, 'eGb2AaVuSak40k5sziaN5FWjxRoVRL03JugNE6FZXaG9fA5pbztc5aLZedY6', '2018-10-15 02:32:54', '2018-12-05 01:39:52', '123 Street', 'Phnom Penh', 'PP', 'Cambodia', '12252', '010313234'),
(5, 'pluntaz', 'robertuspamungkas25@gmail.com', NULL, '$2y$10$QGO.on4XB7uswk00tqRAn.iNT23SsMsNfJAzwGH40M3dzaCaKBImG', NULL, 'JhVrroaq7Ee3paamJNP88GDP1SF22RXtMJbA8nUhYrXDNrEmjuwhFFdnxgne', '2019-09-05 16:32:39', '2019-09-05 16:32:39', 'karyorejo 37a', 'sleman', 'yogyakarta', 'Indonesia', '668855', '088855500000'),
(9, 'Robertus Tri Uji Pamungkas Atmaja', 'robertusatmaja25@gmail.com', NULL, '$2y$10$M3OdXFzo1IPMN9vJIpBAHuh0DL6NWXBg/Mdz2oqD//uoB8z.9r8oW', NULL, NULL, '2019-10-10 12:07:52', '2019-10-10 12:07:52', 'karyorejo 37a', 'sleman', 'yogyakarta', 'Indonesia', '1111', '082226064564'),
(7, 'dion', 'dion@gmail.com', NULL, '$2y$10$cWDk0kPnfdehFVUtjjdG3.lNr8XzJZmFUZAxGb0BgTogeHjJQrn5y', NULL, NULL, '2019-10-07 10:34:58', '2019-10-07 10:34:58', NULL, NULL, NULL, NULL, NULL, NULL),
(8, 'qwerty', 'qwerty@123.com', NULL, '$2y$10$bbKELPiJPnQu.SiWJaAFLu0wLNGGx4VHoSgeuJT2RQSBGwkXJRfLm', NULL, NULL, '2019-10-10 06:44:39', '2019-10-10 06:44:39', 'qwe', 'qwe', 'qwe', 'Albania', 'qwe', 'qwe');

--
-- Indexes for dumped tables
--

--
-- Indexes for table `cart`
--
ALTER TABLE `cart`
  ADD PRIMARY KEY (`id`);

--
-- Indexes for table `categories`
--
ALTER TABLE `categories`
  ADD PRIMARY KEY (`id`),
  ADD UNIQUE KEY `slug` (`name`);

--
-- Indexes for table `countries`
--
ALTER TABLE `countries`
  ADD PRIMARY KEY (`id`);

--
-- Indexes for table `coupons`
--
ALTER TABLE `coupons`
  ADD PRIMARY KEY (`id`);

--
-- Indexes for table `delivery_address`
--
ALTER TABLE `delivery_address`
  ADD PRIMARY KEY (`id`);

--
-- Indexes for table `migrations`
--
ALTER TABLE `migrations`
  ADD PRIMARY KEY (`id`);

--
-- Indexes for table `orders`
--
ALTER TABLE `orders`
  ADD PRIMARY KEY (`id`);

--
-- Indexes for table `password_resets`
--
ALTER TABLE `password_resets`
  ADD KEY `password_resets_email_index` (`email`);

--
-- Indexes for table `products`
--
ALTER TABLE `products`
  ADD PRIMARY KEY (`id`);

--
-- Indexes for table `product_att`
--
ALTER TABLE `product_att`
  ADD PRIMARY KEY (`id`);

--
-- Indexes for table `tblgallery`
--
ALTER TABLE `tblgallery`
  ADD PRIMARY KEY (`id`);

--
-- Indexes for table `users`
--
ALTER TABLE `users`
  ADD PRIMARY KEY (`id`),
  ADD UNIQUE KEY `users_email_unique` (`email`);

--
-- AUTO_INCREMENT for dumped tables
--

--
-- AUTO_INCREMENT for table `cart`
--
ALTER TABLE `cart`
  MODIFY `id` int(10) UNSIGNED NOT NULL AUTO_INCREMENT, AUTO_INCREMENT=62;

--
-- AUTO_INCREMENT for table `categories`
--
ALTER TABLE `categories`
  MODIFY `id` int(10) UNSIGNED NOT NULL AUTO_INCREMENT, AUTO_INCREMENT=33;

--
-- AUTO_INCREMENT for table `countries`
--
ALTER TABLE `countries`
  MODIFY `id` int(10) UNSIGNED NOT NULL AUTO_INCREMENT, AUTO_INCREMENT=298;

--
-- AUTO_INCREMENT for table `coupons`
--
ALTER TABLE `coupons`
  MODIFY `id` int(10) UNSIGNED NOT NULL AUTO_INCREMENT, AUTO_INCREMENT=7;

--
-- AUTO_INCREMENT for table `delivery_address`
--
ALTER TABLE `delivery_address`
  MODIFY `id` int(10) UNSIGNED NOT NULL AUTO_INCREMENT, AUTO_INCREMENT=6;

--
-- AUTO_INCREMENT for table `migrations`
--
ALTER TABLE `migrations`
  MODIFY `id` int(10) UNSIGNED NOT NULL AUTO_INCREMENT, AUTO_INCREMENT=20;

--
-- AUTO_INCREMENT for table `orders`
--
ALTER TABLE `orders`
  MODIFY `id` int(10) UNSIGNED NOT NULL AUTO_INCREMENT, AUTO_INCREMENT=15;

--
-- AUTO_INCREMENT for table `products`
--
ALTER TABLE `products`
  MODIFY `id` int(10) UNSIGNED NOT NULL AUTO_INCREMENT, AUTO_INCREMENT=44;

--
-- AUTO_INCREMENT for table `product_att`
--
ALTER TABLE `product_att`
  MODIFY `id` int(10) UNSIGNED NOT NULL AUTO_INCREMENT, AUTO_INCREMENT=41;

--
-- AUTO_INCREMENT for table `tblgallery`
--
ALTER TABLE `tblgallery`
  MODIFY `id` int(10) UNSIGNED NOT NULL AUTO_INCREMENT, AUTO_INCREMENT=35;

--
-- AUTO_INCREMENT for table `users`
--
ALTER TABLE `users`
  MODIFY `id` int(10) UNSIGNED NOT NULL AUTO_INCREMENT, AUTO_INCREMENT=10;
COMMIT;

/*!40101 SET CHARACTER_SET_CLIENT=@OLD_CHARACTER_SET_CLIENT */;
/*!40101 SET CHARACTER_SET_RESULTS=@OLD_CHARACTER_SET_RESULTS */;
/*!40101 SET COLLATION_CONNECTION=@OLD_COLLATION_CONNECTION */;
